client_name,url
acadiafo,https://acadiafo.assetvantage.com
akfamilyoffice,https://akfamilyoffice.assetvantage.com
altium,https://altium.assetvantage.com
avbalakrishna,https://avbalakrishna.assetvantage.com
avsandbox,https://avsandbox.assetvantage.com
balassotest0912,https://balassotest0912.assetvantage.com
bellwetherfoundation,https://bellwetherfoundation.assetvantage.com
bmntopelforman,https://bmntopelforman.assetvantage.com
brooksgarnett,https://brooksgarnett.assetvantage.com
capitalideas,https://capitalideas.assetvantage.com
cedartree,https://cedartree.assetvantage.com
cedartreecapitalgroup,https://cedartreecapitalgroup.assetvantage.com
cgsinvestments,https://cgsinvestments.assetvantage.com
coeinvest,https://coeinvest.assetvantage.com
crheller,https://crheller.assetvantage.com
crsanders,https://crsanders.assetvantage.com
cwcapital,https://cwcapital.assetvantage.com
dai,https://dai.assetvantage.com
daltonpartners,https://daltonpartners.assetvantage.com
dayangroup,https://dayangroup.assetvantage.com
dbtopelforman,https://dbtopelforman.assetvantage.com
dca,https://dca.assetvantage.com
dcb,https://dcb.assetvantage.com
democohnreznick,https://democohnreznick.assetvantage.com
demofelicianacorp,https://demofelicianacorp.assetvantage.com
demogarinv,https://demogarinv.assetvantage.com
demogooddaysunshine,https://demogooddaysunshine.assetvantage.com
devops,https://devops.assetvantage.com
dgdemo,https://dgdemo.assetvantage.com
djmd,https://djmd.assetvantage.com
dmdfo,https://dmdfo.assetvantage.com
donotsendcedar,https://donotsendcedar.assetvantage.com
drexelaip,https://drexelaip.assetvantage.com
dummygranitecapital,https://dummygranitecapital.assetvantage.com
eacpstyner,https://eacpstyner.assetvantage.com
fallhill,https://fallhill.assetvantage.com
felicianacorp,https://felicianacorp.assetvantage.com
folkwilliamstrial,https://folkwilliamstrial.assetvantage.com
garinv,https://garinv.assetvantage.com
garypeters,https://garypeters.assetvantage.com
gcmllc,https://gcmllc.assetvantage.com
gibraltarasset,https://gibraltarasset.assetvantage.com
globalsystem,https://globalsystem.assetvantage.com
globalsystemaspire,https://globalsystemaspire.assetvantage.com
gooddaysunshine,https://gooddaysunshine.assetvantage.com
greenover,https://greenover.assetvantage.com
gutierrezfamily,https://gutierrezfamily.assetvantage.com
hallcapital,https://hallcapital.assetvantage.com
hinkleholding,https://hinkleholding.assetvantage.com
hoffafamily,https://hoffafamily.assetvantage.com
indieasset,https://indieasset.assetvantage.com
indorama,https://indorama.assetvantage.com
iranifamily,https://iranifamily.assetvantage.com
jacobsongroup,https://jacobsongroup.assetvantage.com
jacquesinvestments,https://jacquesinvestments.assetvantage.com
jmsmanagement,https://jmsmanagement.assetvantage.com
kkpgroup,https://kkpgroup.assetvantage.com
kpx,https://kpx.assetvantage.com
lamb,https://lamb.assetvantage.com
lgtglobaldemo,https://lgtglobaldemo.assetvantage.com
luzerne,https://luzerne.assetvantage.com
mcbean,https://mcbean.assetvantage.com
megalos,https://megalos.assetvantage.com
millcreek,https://millcreek.assetvantage.com
nishassotest0912,https://nishassotest0912.assetvantage.com
oakhill,https://oakhill.assetvantage.com
pbv,https://pbv.assetvantage.com
pefisrael,https://pefisrael.assetvantage.com
petercunha,https://petercunha.assetvantage.com
pratikthakkar,https://pratikthakkar.assetvantage.com
rackson,https://rackson.assetvantage.com
raviprakash,https://raviprakash.assetvantage.com
raymondscapital,https://raymondscapital.assetvantage.com
releasecheck_us,https://releasecheck_us.assetvantage.com
remarkable,https://remarkable.assetvantage.com
rftopelforman,https://rftopelforman.assetvantage.com
rgh,https://rgh.assetvantage.com
rockdale,https://rockdale.assetvantage.com
roshanb,https://roshanb.assetvantage.com
rp,https://rp.assetvantage.com
rubencompanies,https://rubencompanies.assetvantage.com
salant,https://salant.assetvantage.com
shitallahamge,https://shitallahamge.assetvantage.com
slocummgmt,https://slocummgmt.assetvantage.com
ssotestphase209dec,https://ssotestphase209dec.assetvantage.com
ssousnishatest,https://ssousnishatest.assetvantage.com
sumariwalla,https://sumariwalla.assetvantage.com
t4investors,https://t4investors.assetvantage.com
tafamilyoffice,https://tafamilyoffice.assetvantage.com
tandemwealth,https://tandemwealth.assetvantage.com
tashamrock,https://tashamrock.assetvantage.com
tauberinterests,https://tauberinterests.assetvantage.com
tectonicadvisors,https://tectonicadvisors.assetvantage.com
tempsford,https://tempsford.assetvantage.com
tfb,https://tfb.assetvantage.com
tjcny,https://tjcny.assetvantage.com
tmminvestments,https://tmminvestments.assetvantage.com
tngcpa,https://tngcpa.assetvantage.com
topelforman,https://topelforman.assetvantage.com
training,https://training.assetvantage.com
trznadelfamily,https://trznadelfamily.assetvantage.com
usautomation,https://usautomation.assetvantage.com
usmasterscenarios,https://usmasterscenarios.assetvantage.com
ussandbox984,https://ussandbox984.assetvantage.com
ussandbox993,https://ussandbox993.assetvantage.com
ussandbox996,https://ussandbox996.assetvantage.com
valen,https://valen.assetvantage.com
wbkfamilyoffice,https://wbkfamilyoffice.assetvantage.com
wmx,https://wmx.assetvantage.com
zfo,https://zfo.assetvantage.com
zusmanfamily,https://zusmanfamily.assetvantage.com